DataCenter,SourceState,Unit,Recommendation,DestinationState
HK,PI_FILTER_D,*,*,FILTER_D
HK,PI_FILTER,*,*,FILTER_I
UK,PI_FILTER,*,*,FILTER_I
UK,PI_FILTER1,*,*,FILTER1
UK,PI_FILTER_F,*,*,FILTER_F
UK,PI_HIGHPRIORITY,*,*,HIGHPRIORITY
UK,PI_SECTORALSANCT,*,*,SECTORALSANCTN
UK,PI_PCP1,*,*,PCP1
UK,PI_ADMINEXT1,*,*,ADMINEXT1
UK,PI_CRIMEA1,*,*,CRIMEA1
UK,PI_AMLACC1,*,*,AMLACC1
UK,PI_FEDIN1,*,*,FEDIN1
UK,PI_BOOK1,*,*,BOOK1
UK,PI_ADMINSCB1,*,*,ADMINSCB1
UK,PI_HIGHRISK1,*,*,HIGHRISK1
UK,PI_OFACLIC1,*,*,OFACLIC1
UK,PI_CHIPSOUT1,*,*,CHIPSOUT1
UK,PI_CHIPSIN1,*,*,CHIPSIN1
UK,PI_FEDOUT1,*,*,FEDOUT1
UK,PI_HKBR1,*,*,HKBR1
UK,PI_SUSP1,*,*,SUSP1
UK,PI_PAIN_001_UK,*,*,PAIN_001_UK
UK,PI_PACS_008_UK,*,*,PACS_008_UK
UK,PI_PACS_004_UK,*,*,PACS_004_UK
UK,PI_PAIN_001_DE,*,*,PAIN_001_DE
UK,PI_HIGHRISK2,*,*,HIGHRISK2
UK,PI_PCP2,*,*,PCP2
UK,PI_CHIPSOUT2,*,*,CHIPSOUT2
UK,PI_FEDOUT2,*,*,FEDOUT2
UK,PI_BOOK2,*,*,BOOK2
UK,PI_PAIN_008_DE,*,*,PAIN_008_DE
UK,PI_AMLREVIEW,*,*,AMLREVIEW
